rank,accession,mutation,organism,gh_family,branch,evidence_tier,integrated_score,foldx_score,docking_score,ml_score,foldx_ddg,retention_fraction,md_level
1,D5UGW9,LA23A,Cellulomonas flavigena (strain ATCC 482 / DSM 20109 / BCRC 11376 / JCM 18109 / NBRC 3775 / NCIMB 8073 / NRS 134),GH10,Homology,Tier 1: High-confidence stabilising,0.7454999999999999,1.0,1.0,0.97,-5.48189,1.0,Strong
2,Q60041,NA33G,Thermotoga neapolitana,GH10,Homology,Tier 1: High-confidence stabilising,0.7228590833333333,0.9353116666666668,1.0,0.97,-2.61187,1.0,Strong
3,Q9HGX1,DA11K,Agaricus bisporus (White button mushroom),GH10,Homology,Tier 1: High-confidence stabilising,0.7215624999999999,1.0,0.9042499999999998,0.97,-3.86315,1.0,Strong
4,Q6U892,EA63G,Cytobacillus firmus (Bacillus firmus),GH10,Homology,Tier 2: FoldX + Docking supported,0.994,1.0,1.0,0.97,-3.14983,1.0,
5,Q9X584,VA60T,Streptomyces avermitilis,GH10,Homology,Tier 2: FoldX + Docking supported,0.994,1.0,1.0,0.97,-3.28502,1.0,
6,Q5XQ46,DA35G,Cryptovalsa sp. BCC 7197,GH10,Homology,Tier 2: FoldX + Docking supported,0.99295,1.0,0.9965,0.97,-3.24537,1.0,
7,Q8J0T4,AA53G,Trichoderma sp. SY,GH11,Homology,Tier 2: FoldX + Docking supported,0.9877749999999998,1.0,0.97925,0.97,-3.23081,1.0,
8,Q9HEN4,YA14P,Curvularia spicifera,GH11,Homology,Tier 2: FoldX + Docking supported,0.9679166666666668,0.9838333333333334,1.0,0.8799999999999999,-2.903,1.0,
9,C9Z2V1,AA64G,Streptomyces scabiei (strain 87.22),GH11,Homology,Tier 2: FoldX + Docking supported,0.96786,0.94772,1.0,0.97,-2.68632,1.0,
10,Q3YAW6,EA50A,Cellulomonas fimi,GH10,Homology,Tier 2: FoldX + Docking supported,0.9672275,0.946455,1.0,0.97,-2.67873,1.0,
11,Q2U7D0,EA47D,Aspergillus oryzae (strain ATCC 42149 / RIB 40) (Yellow koji mold),GH10,Homology,Tier 2: FoldX + Docking supported,0.96385,1.0,0.8995,0.97,-3.05947,1.0,
12,C7NP66,NA12F,Halorhabdus utahensis (strain DSM 12940 / JCM 11049 / AX-2),GH10,Homology,Tier 2: FoldX + Docking supported,0.96235,1.0,0.9545,0.8799999999999999,-4.26943,1.0,
13,B9K766,NA33G,Thermotoga neapolitana (strain ATCC 49049 / DSM 4359 / NBRC 107923 / NS-E),GH10,Homology,Tier 2: FoldX + Docking supported,0.9501391666666664,0.9196283333333334,0.9877499999999996,0.97,-2.51777,1.0,
14,Q6TDT4,YA15F,Alkalihalobacillus alcalophilus (Bacillus alcalophilus),GH10,Homology,Tier 2: FoldX + Docking supported,0.9479025,0.930605,0.962,0.97,-2.58363,1.0,
15,A5FIE5,TA27S,Flavobacterium johnsoniae (strain ATCC 17061 / DSM 2064 / JCM 8514 / BCRC 14874 / CCUG 350202 / NBRC 14942 / NCIMB 11054 / UW101) (Cytophaga johnsonae),GH10,Homology,Tier 2: FoldX + Docking supported,0.946525,1.0,0.84175,0.97,-3.07388,0.5,
16,Q14RS0,HA45P,Thermobacillus xylanilyticus,GH11,Homology,Tier 2: FoldX + Docking supported,0.9445633333333332,0.9371266666666666,1.0,0.8799999999999999,-2.62276,0.5,
17,B6VF01,FA11K,Paenibacillus sp. HPL-001,GH10,Homology,Tier 2: FoldX + Docking supported,0.92185,1.0,0.7595000000000001,0.97,-3.0461,0.5,
18,D2XV89,AA55G,Trichoderma sp. SC9,GH11,Homology,Tier 2: FoldX + Docking supported,0.914125,1.0,0.7337500000000001,0.97,-3.11819,0.5,
19,O69231,DA234G,Paenibacillus barcinonensis,GH10,PDB,Tier 2: FoldX + Docking supported,0.8624758333333333,0.9249516666666668,1.0,,-2.54971,1.0,
20,Q9HEN6,YA14P,Cochliobolus sativus (Common root rot and spot blotch fungus) (Bipolaris sorokiniana),GH11,Homology,Tier 2: FoldX + Docking supported,0.72325,1.0,0.911,0.97,-4.18525,1.0,Moderate
